,time,text,video_url
0,2,"Yes brother, tell me. Madam, I have come from Paise Double Finance and we have a good investment scheme by which you can double your money, What? Really? come, come inside. You will only have to pay Rs.2500 per month i.e. approximately Rs. 30000 per year. And I guarantee you. I will double your money which would be Rs.60000. Okay and see, your neighbors Hema, Seema and Sushma ji have also joined the scheme. ",https://www.youtube.com/watch?v=B34qBu0n6YA
1,26,"Okay and see, your neighbors Hema, Seema and Sushma ji have also joined the scheme. You also sign the same now and get your money doubled. Hema has given Rs.2000 and Sushma has given Rs.4000. It seems like this could be a good scheme. I have kept some money hidden,  let me give that and then I will buy gold bangles by next year. ",https://www.youtube.com/watch?v=B34qBu0n6YA
2,52," let me give that and then I will buy gold bangles by next year. Do I have to give this money now, Don't worry about that at all. Now you just give me Rs.2500 and I'll collect this Rs.2500 every month on 3rd for the next one year. okay, you just wait for a minute,  I will bring the money now, ",https://www.youtube.com/watch?v=B34qBu0n6YA
3,75,"okay, you just wait for a minute,  I will bring the money now,  here take this Thank you Sister, I have made the entry now, let's meet on the 3rd of the next month. Okay, One year later It's been a year now, ",https://www.youtube.com/watch?v=B34qBu0n6YA
4,90,"One year later It's been a year now,  Let me call once to see if my money has come or not why is he not picking up the phone? Oh God, this brother is not picking up the phone. By tomorrow, I should have gotten my money. Let me ask Sushma once, she might know. Hello Sushma, have you talked with Paisa Double company? ",https://www.youtube.com/watch?v=B34qBu0n6YA
5,120,"Let me ask Sushma once, she might know. Hello Sushma, have you talked with Paisa Double company? No, Meena, I am also very worried and that brother is not picking up my phone as well I think he has just run away with my money.  What? Really?  Wait, I'll call you back. What should I do now, should I go to the police? ",https://www.youtube.com/watch?v=B34qBu0n6YA
6,145," Wait, I'll call you back. What should I do now, should I go to the police? But how can I go to the police. Neither do I have any document nor did I tell anyone at home. In the process of doubling the money, I have doubled my tension. You too should save yourself from such scams. Money never doubles in a year or in a few days. To increase your money, always invest in licensed institutions only ",https://www.youtube.com/watch?v=B34qBu0n6YA
7,170,"Money never doubles in a year or in a few days. To increase your money, always invest in licensed institutions only and ask for written documents from them. Remember, before taking any financial decision, discuss it with your family and friends. And even if you become a victim of such a fraud, then immediately go to the nearest police station and file a complete complaint. If any such fraud has happened to you, then do let us know by writing in the comment section. ",https://www.youtube.com/watch?v=B34qBu0n6YA
8,183,"Remember, before taking any financial decision, discuss it with your family and friends. And even if you become a victim of such a fraud, then immediately go to the nearest police station and file a complete complaint. If any such fraud has happened to you, then do let us know by writing in the comment section. For more information about such frauds, connect with Multiply. And like, comment and share our video. Multiply, Financial knowledge, anywhere, anytime. ",https://www.youtube.com/watch?v=B34qBu0n6YA
9,1,"I am Saira, from ABC HR agency  I have a great opportunity for you in which you can earn some money. okay, which opportunity? There is a part time job in which you can earn from ₹150 to ₹5000 and that too only by liking and sharing Youtube videos Really?  I will get money to do such an easy work?  yes, we will send you a video, you don't have to watch the entire video.  You just need to log into your Youtube account, like the sent video and take a screenshot and share it with us on WhatsApp. ",https://www.youtube.com/watch?v=B34qBu0n6YA
10,27,"yes, we will send you a video, you don't have to watch the entire video.  You just need to log into your Youtube account, like the sent video and take a screenshot and share it with us on WhatsApp.  You'll get your money. Done, I have liked the video, and here are the screenshots. Wow, you are very fast. This way you'll earn a lot of money. Click on this link, and share your bank details.  We will send you the money immediately. ",https://www.youtube.com/watch?v=B34qBu0n6YA
11,57,"Click on this link, and share your bank details.  We will send you the money immediately. Why bank account? Send me money through UPI. This does not happen madam, you will have to share your bank details and only then our company will send the money. We cannot send money through UPI.  It is against our policy, This is a scam.  Whenever someone asks you to click on an unknown link and asks for bank details or OTP, then assume that it is a scam.   ",https://www.youtube.com/watch?v=B34qBu0n6YA
12,81,"This is a scam.  Whenever someone asks you to click on an unknown link and asks for bank details or OTP, then assume that it is a scam.   Because by engaging in these transactions, you are unknowingly giving your bank account details information to the scammer. And then these scammers get all the information by which they can scam you. Another important thing is that never think that earning easy money by liking some random videos is a wise thing. So you should always be cautious of such scams, because many times we make such mistakes unknowingly due to which we lose our money. To get more information about such scams, subscribe us. Multiply, Financial Knowledge , Anywhere, Anytime.  ",https://www.youtube.com/watch?v=B34qBu0n6YA
13,81,"This is a scam.  Whenever someone asks you to click on an unknown link and asks for bank details or OTP, then assume that it is a scam.   Because by engaging in these transactions, you are unknowingly giving your bank account details information to the scammer. And then these scammers get all the information by which they can scam you. Another important thing is that never think that earning easy money by liking some random videos is a wise thing. So you should always be cautious of such scams, because many times we make such mistakes unknowingly due to which we lose our money. To get more information about such scams, subscribe us. Multiply, Financial Knowledge , Anywhere, Anytime.  ",https://www.youtube.com/watch?v=B34qBu0n6YA
14,0,"Savitri, I am thinking of getting my house repaired next year, but for that, first I will have to save some money , so how and where will you save this much money? how else? I will save the money little by little at home. and by doing this, If there is theft in your house,you will lose all the money at once. Yes, Savitri, you are right,  but is there any other way by which I can keep my money safe? Let me tell you a way by which your money will be safe and will also increase, ",https://www.youtube.com/watch?v=B34qBu0n6YA
15,24," but is there any other way by which I can keep my money safe? Let me tell you a way by which your money will be safe and will also increase, Suppose, you are earning Rs 20000 every month, then you can keep half of that money i.e. Rs 10000  for household expenses Rs 6000 you can deposit  in your bank account, so that you can use that money whenever needed or during emergency situations. and the remaining Rs. 4000 you can save in RD. so that in future, if there is any big expenditure like marriage or house repair, ",https://www.youtube.com/watch?v=B34qBu0n6YA
16,57,"and the remaining Rs. 4000 you can save in RD. so that in future, if there is any big expenditure like marriage or house repair, then you can get it done through it. RD, which means Recurring Deposit in which every month you have to deposit a fixed amount  in your bank. The bank gives a fixed interest rate on the money you have deposited which will be around five to eight percent. This interest rate is decided on the basis of the period chosen by you ",https://www.youtube.com/watch?v=B34qBu0n6YA
17,82,"which will be around five to eight percent. This interest rate is decided on the basis of the period chosen by you and does not change during the entire tenure. On maturity or at the end of the tenure, you'll get the total amount deposited and the interest earned on it together. You can get RD done in any nearest bank or post office. You can start your RD from only ₹ 100 to ₹ 500, You would need your Aadhar card and your Pancard to open an RD. ",https://www.youtube.com/watch?v=B34qBu0n6YA
18,108,"You can start your RD from only ₹ 100 to ₹ 500, You would need your Aadhar card and your Pancard to open an RD. This is a saving method, where you can save and grow your money, and then you will be able to get your house repaired. Wow Savitri, this is a very good way of saving. For more such information related to saving, connect with Multiply. Multiply, Financial Knowledge anywhere, anytime. ",https://www.youtube.com/watch?v=B34qBu0n6YA
19,108,"You can start your RD from only ₹ 100 to ₹ 500, You would need your Aadhar card and your Pancard to open an RD. This is a saving method, where you can save and grow your money, and then you will be able to get your house repaired. Wow Savitri, this is a very good way of saving. For more such information related to saving, connect with Multiply. Multiply, Financial Knowledge anywhere, anytime. ",https://www.youtube.com/watch?v=B34qBu0n6YA
20,0,"Mother, what are you doing?  I was looking at some old photos. Do you remember my first day at school? I remember very well, how nervous you were and you were even crying. I explained, and then only you went inside the class. Mother, you have encouraged me this way so many times in my life You have even taught me so much and made me independent. Today I want to teach you something so that you can become independent as well. ",https://www.youtube.com/watch?v=B34qBu0n6YA
21,19,"You have even taught me so much and made me independent. Today I want to teach you something so that you can become independent as well. Oh, and what is that? Usually you ask me about things related to money right? But now you can ask all those questions to this app. Mother, this is Multiply app, In this app you will easily get answers to all your questions related to money. You too can make your mother financially independent with Multiply. ",https://www.youtube.com/watch?v=B34qBu0n6YA
22,21,"Today I want to teach you something so that you can become independent as well. Oh, and what is that? Usually you ask me about things related to money right? But now you can ask all those questions to this app. Mother, this is Multiply app, In this app you will easily get answers to all your questions related to money. You too can make your mother financially independent with Multiply. Multiply, financial knowledge anywhere, anytime. ",https://www.youtube.com/watch?v=B34qBu0n6YA
23,1,"Anjali, I was thinking of taking retirement at the age of 60 What? Retirement?  Have you gone crazy?  Are you doing some government job, that you will get retirement? But yesterday all the women in our neighborhood were talking about a Government Scheme, Atal Pension Yojana Have you not heard about it?  What?  ",https://www.youtube.com/watch?v=B34qBu0n6YA
24,19,"Have you not heard about it?  What?  pension?  That too for us?  This scheme has been made only for the working, low income group people like us in which we will receive ₹ 1000 to ₹ 5000 every month as Pension from the government. On investing in this scheme, we can secure our old age,  and also we do not have to depend on our children in future.  ",https://www.youtube.com/watch?v=B34qBu0n6YA
25,35,"On investing in this scheme, we can secure our old age,  and also we do not have to depend on our children in future.  The amount of pension, depends on your investments,  which means you have make your investments based on the amount you want to get as a pension.  The earlier you start your investments, the lesser amount you have to pay. I also want to know, how much money would be right for me to invest. To calculate this amount easily, you can also use Multiply's Atal Pension Yojana calculator. You just have to choose the amount of pension and mention your age.  ",https://www.youtube.com/watch?v=B34qBu0n6YA
26,65,"To calculate this amount easily, you can also use Multiply's Atal Pension Yojana calculator. You just have to choose the amount of pension and mention your age.  Then  you will know by yourself, how much money you have to invest.  And yes, remember that you will have to make this investment continuously till the age of 60 years. The last advantage of this scheme is that on the death of the beneficiary, this pension amount will be given to the husband or wife every month. And if both the husband and wife die, then the children will get an amount from ₹1,70,000 to ₹8,50,000. This amount will also be based on your investment. To apply for this scheme, you can go to your nearest bank branch or post office along with your Aadhar card and your Bank Passbook. ",https://www.youtube.com/watch?v=B34qBu0n6YA
27,90,"The last advantage of this scheme is that on the death of the beneficiary, this pension amount will be given to the husband or wife every month. And if both the husband and wife die, then the children will get an amount from ₹1,70,000 to ₹8,50,000. This amount will also be based on your investment. To apply for this scheme, you can go to your nearest bank branch or post office along with your Aadhar card and your Bank Passbook. See what a good scheme it is. Yes, now we will also get pension every month from the government. To know about more such Government Schemes, Connect with Multiply. Multiply, Financial Knowledge, anywhere anytime. ",https://www.youtube.com/watch?v=B34qBu0n6YA
28,0,"Madam, I want to take a loan. Madam, for that we have to see your credit score. Credit score? What is that? Credit score tells us how many loans you have taken from the previous bank and how you have returned them. This information helps banks and lenders to trust you. It shows how capable you are in repaying the loan. Have you ever taken any loan from any bank before? ",https://www.youtube.com/watch?v=B34qBu0n6YA
29,23,"It shows how capable you are in repaying the loan. Have you ever taken any loan from any bank before? No Madam, I have never taken any loan before. No problem. Just give your income proof i.e. last 6 months bank statements, Aadhar Card, PAN Card and you can get a collateral-free loan. If you repay this loan on time, then you can make your own credit score. And once When the credit score is created, you will not face any problem in taking loan in future, But then the question is, how can you make your credit score good? ",https://www.youtube.com/watch?v=B34qBu0n6YA
30,56,"And once When the credit score is created, you will not face any problem in taking loan in future, But then the question is, how can you make your credit score good? Number one, pay all your EMIs on time. Number two, always return the loans within it's due date because by not doing so you will reduce your credit score. Number three, To reduce financial stress, never take more than one loan. You can come to the bank anytime to know your credit score.  Okay madam. Thank You ",https://www.youtube.com/watch?v=B34qBu0n6YA
31,82,"Number three, To reduce financial stress, never take more than one loan. You can come to the bank anytime to know your credit score.  Okay madam. Thank You By now you must have understood what a credit score is and why it is important for you. Know your loan eligibility and make your dreams come true . To get more information about your personal finance, join Multiply. If you are interested to know about the loan application process, then click on this video Multiply, financial knowlwdge, anywhwhere anytime. ",https://www.youtube.com/watch?v=B34qBu0n6YA
32,7,"What happened Shanta, you look very worried, are you going somewhere? I was supposed to go to the bank with him today to apply for a loan, but look how late he is, What if the bank gets closed? But, why does your husband need to go there? You can also go on your own, no, no, I don't know anything about all these things, how would I go alone,? ",https://www.youtube.com/watch?v=B34qBu0n6YA
33,21,"You can also go on your own, no, no, I don't know anything about all these things, how would I go alone,? it is very easy, you just have to take care of a few things, How will I know from which bank to take the loan? Now first compare the interest rates offered by different banks. Take the loan only from the bank which gives you the lowest interest rate and yes, take special care of the loan tenure So, it would be better to take the loan with the longest tenure. Right? ",https://www.youtube.com/watch?v=B34qBu0n6YA
34,44,"take special care of the loan tenure So, it would be better to take the loan with the longest tenure. Right? No, the loan repayment period should not be too long because generally people go for a long term loan in order to reduce the EMI. it is very important to keep one thing in mind, that the longer the tenure of loan repayment, the more interest we have to pay. What documents are required to apply for the loan? Just take your Aadhar card, an updated copy of the bank passbook and passport size photo. ",https://www.youtube.com/watch?v=B34qBu0n6YA
35,72,"What documents are required to apply for the loan? Just take your Aadhar card, an updated copy of the bank passbook and passport size photo. And if you want to take a loan for business, Then keep important documents like proof of business and passbook of the current account of the business. It is better to take special care of one thing that before signing the copy of the loan contract. You should read all the terms and conditions of the contract carefully.  Now finally, pay the EMI on time. You can also use Multiply's Personal Loan EMI Calculator to calculate the  EMI. ",https://www.youtube.com/watch?v=B34qBu0n6YA
36,101," Now finally, pay the EMI on time. You can also use Multiply's Personal Loan EMI Calculator to calculate the  EMI. If you miss the EMI, you will have to pay a large amount of EMI along with higher interest. Just take special care of these things, and you won't have any problem in taking the loan. Do you also take care of these things while taking a loan? It is very important to have basic information about the loan while taking it so that you can return the money on time. For more information about different loans,
join Multiply. ",https://www.youtube.com/watch?v=B34qBu0n6YA
37,105,"You can also use Multiply's Personal Loan EMI Calculator to calculate the  EMI. If you miss the EMI, you will have to pay a large amount of EMI along with higher interest. Just take special care of these things, and you won't have any problem in taking the loan. Do you also take care of these things while taking a loan? It is very important to have basic information about the loan while taking it so that you can return the money on time. For more information about different loans,
join Multiply. Get Knowledge of Finance, anywhere anytime ",https://www.youtube.com/watch?v=B34qBu0n6YA
38,5,"Madam, can I talk to you for a minute?  Yes, tell me,  Madam, I want to work overtime for the next two months  and I want to earn some money by working during the holidays too. Can you give me some more work?  Why, is there some emergency at home?  No, actually my husband has thought of opening his own carpenter shop, so we need some money for that. You can also get a loan from PM Vishwakarma Yojana for this. ",https://www.youtube.com/watch?v=B34qBu0n6YA
39,20,"No, actually my husband has thought of opening his own carpenter shop, so we need some money for that. You can also get a loan from PM Vishwakarma Yojana for this. In this scheme, artisans will be given trainings to learn new skills. In which they will get ₹500 as a daily stipend.  And with that after the training, they will also recieve ₹15000 to buy new tools. On applying for a loan under this scheme, you will get ₹3 lakh as collateral free i.e. without any mortgage loan. That too with an annual interest of only 5%.  You will get this loan in two installments,  ",https://www.youtube.com/watch?v=B34qBu0n6YA
40,55,"That too with an annual interest of only 5%.  You will get this loan in two installments,  The first installment will be of ₹1 lakh, which you have to pay in 18 months.  And the second installment of ₹2 lakhs which you have to pay in 30 months If your age is 18 years or above, and your employment is related to wood, clay, iron, stone, gold, silver, leather, architecture, construction or in any other craft. Only then, you can apply for this scheme. Just keep in mind that you have not availed the benefit of any other government schemes in the last five years and also no one in your family is in a government job, Only then you can avail for this loan. ",https://www.youtube.com/watch?v=B34qBu0n6YA
41,91,"Just keep in mind that you have not availed the benefit of any other government schemes in the last five years and also no one in your family is in a government job, Only then you can avail for this loan. You can apply for this scheme by visiting your nearest CSC center, just take your Aadhar card and bank passbook with you.  Thank you madam, you have helped me a lot.  Are you also an artisan or a craftsman?  Then register in this scheme today and avail the benefits of financial assistance provided by the scheme. For more information about such government schemes, subscribe us. ",https://www.youtube.com/watch?v=B34qBu0n6YA
42,103,"Only then you can avail for this loan. You can apply for this scheme by visiting your nearest CSC center, just take your Aadhar card and bank passbook with you.  Thank you madam, you have helped me a lot.  Are you also an artisan or a craftsman?  Then register in this scheme today and avail the benefits of financial assistance provided by the scheme. For more information about such government schemes, subscribe us. Multiply, Financial knowledge, Anywhere Anytime ",https://www.youtube.com/watch?v=B34qBu0n6YA
43,2,"Hey Soma, in this condition, you need to take leave Madam, if I do not come to work, how will I bear the expenses of the hospital? There are still three months left, I will have to work,right? Soma, do you know that  the Prime Minister has created a scheme under the Ministry of Women and Child Development In which pregnant women will get an amount of up to Rs.5000 on their first pregnancy This scheme provides nutrition, health check-up and vaccination to these pregnant women along with other assistance What? Really madam , but for that I have to stand in a long line ",https://www.youtube.com/watch?v=B34qBu0n6YA
44,29,"This scheme provides nutrition, health check-up and vaccination to these pregnant women along with other assistance What? Really madam , but for that I have to stand in a long line And if I stand in line, how will my work be done? Don't worry Soma, you can also apply online from your mobile phone Or you can apply comfortably by going to your nearest Anganwadi center Will this money come to my bank account immediately? No Soma, this money will be given to you in three installments First installment of Rs. 1000, will be given on initial pregnancy registration ",https://www.youtube.com/watch?v=B34qBu0n6YA
45,57,"No Soma, this money will be given to you in three installments First installment of Rs. 1000, will be given on initial pregnancy registration Second installment of Rs. 2000 will be given after six months of pregnancy and at least one antenatal check-up Third and last installment of Rs. 2000 will be given after birth registration and first course of vaccination Thank you madam, you have helped me a lot, I will go to the nearby Anganwadi tomorrow and apply for this scheme Are you also not able to take leave from work during pregnancy to earn money?  Then what are you waiting for?  ",https://www.youtube.com/watch?v=B34qBu0n6YA
46,76,"Third and last installment of Rs. 2000 will be given after birth registration and first course of vaccination Thank you madam, you have helped me a lot, I will go to the nearby Anganwadi tomorrow and apply for this scheme Are you also not able to take leave from work during pregnancy to earn money?  Then what are you waiting for?  Register your pregnancy under PM Matru Vandana Yojana now and avail full benefits of the scheme For more information related to such government schemes, subscribe and join Multiply Multiply, knowledge of finance anywhere, anytime ",https://www.youtube.com/watch?v=B34qBu0n6YA
47,0,"Are you getting bored sitting at home?  Do you want to win money just by sitting at home?  Then play and win money instantly. Download ZPL app now. What, this looks like a fun game. Let's play one round and see  What? I won the round?   Wow! ",https://www.youtube.com/watch?v=B34qBu0n6YA
48,20,"What? I won the round?   Wow! What, you even get money from this? do you want to convert your coin into money enter your OTP What? the money has been deducted?  Never trust promises of winning easy money sitting at home because this is often the work of scammers.  ",https://www.youtube.com/watch?v=B34qBu0n6YA
49,37,"Never trust promises of winning easy money sitting at home because this is often the work of scammers.  Usually,  women and children fall victims to these scams. These scammers only get successful if you share any details or OTP related to your bank with them, that is why keep in mind that  never share any information related to your bank or OTP on any random online gaming platform,  in this way you will be able to avoid scams and frauds ",https://www.youtube.com/watch?v=B34qBu0n6YA
50,63,"never share any information related to your bank or OTP on any random online gaming platform,  in this way you will be able to avoid scams and frauds and even if you accidentally become a victim of these scams or fraud, do not panic, immediately complain to the police  or register your complaint by calling the toll free number 1930.  It is very important to be aware and alert in this digital world. And that is why connect with Multiply where we will keep updating you with the ways to avoid such scams. Multiply, Knowledge of finance anywhere anytime ",https://www.youtube.com/watch?v=B34qBu0n6YA
51,63,"never share any information related to your bank or OTP on any random online gaming platform,  in this way you will be able to avoid scams and frauds and even if you accidentally become a victim of these scams or fraud, do not panic, immediately complain to the police  or register your complaint by calling the toll free number 1930.  It is very important to be aware and alert in this digital world. And that is why connect with Multiply where we will keep updating you with the ways to avoid such scams. Multiply, Knowledge of finance anywhere anytime ",https://www.youtube.com/watch?v=B34qBu0n6YA
52,0,"Excuse me sir, May I come in. Yes, madam, please come in. Sir, I want to apply for Atal Pension Yojana.  Madam, for that you will have to fill this form  And you have to provide your bank account details and Aadhaar details But ,I do not know about my bank account details Give me a second, I will call my husband and he will definitely know. Many people like Kalpana are not aware of the basic details related to their bank account ",https://www.youtube.com/watch?v=B34qBu0n6YA
53,21,"Give me a second, I will call my husband and he will definitely know. Many people like Kalpana are not aware of the basic details related to their bank account Due to which they are always depended on others to take any decisions related to money  Don't you think that you should know every thing about your bank account  So that you can take financial decisions on your own without taking anyone's help?  Every important detail related to your bank such as your bank branch, bank account number, IFSC code and the type of bank account you hold, i.e. is it a current account or a savings account? and all other bank related information can be found on your bank passbook  ",https://www.youtube.com/watch?v=B34qBu0n6YA
54,44,"Don't you think that you should know every thing about your bank account  So that you can take financial decisions on your own without taking anyone's help?  Every important detail related to your bank such as your bank branch, bank account number, IFSC code and the type of bank account you hold, i.e. is it a current account or a savings account? and all other bank related information can be found on your bank passbook  and if you live in rural India, then go and meet your nearest bank sakhi(correspondent) to get all the information related to your account For more such information related to money, register with Multiply and get knowledge of finance anywhere, anytime. ",https://www.youtube.com/watch?v=B34qBu0n6YA
55,0,"Learn how you earn interest in your savings account  Sister, I opened a savings account in my name last year, can you tell me how the money will grow in my savings account This depends on the interest received from your bank.  Banks offer different interest rates. 
Depending on your bank and your daily balance   this interest can range from 2.5% to Rs 5%.  What is this daily balance?  The amount of money that will be available in your bank account at the end of the day is called daily balance or closing balance. Based on the closing balance, you earn interest every day ",https://www.youtube.com/watch?v=B34qBu0n6YA
56,28,"The amount of money that will be available in your bank account at the end of the day is called daily balance or closing balance. Based on the closing balance, you earn interest every day When will I get this interest money?  You will be earning this interest amount at regular intervals.  Depending on your account, the interest will be deposit in a quarterly or half yearly basis.  Would you want to learn how to calculate the interest amount you would earn through your savings account?  Yes sister, my bank gives me 3% interest. Now, please tell me how much interest would i earn in 3 months First tell me what is your daily balance? 
I think it must have been Rs. 50000 for the whole of last month ",https://www.youtube.com/watch?v=B34qBu0n6YA
57,58,"Yes sister, my bank gives me 3% interest. Now, please tell me how much interest would i earn in 3 months First tell me what is your daily balance? 
I think it must have been Rs. 50000 for the whole of last month I did not withdraw any money from the account.  Okay, so your interest for three months can be calculated in the following way.  Assuming you have saved Rs 50,000 and you are getting 3% interest on it for 90 days, then the interest you have earned is Rs 370 This is a very simple method.  Yes, you can also use the Multiply calculator to do similar money related calculations and can do any money related calculation very easily.  ",https://www.youtube.com/watch?v=B34qBu0n6YA
58,65,"First tell me what is your daily balance? 
I think it must have been Rs. 50000 for the whole of last month I did not withdraw any money from the account.  Okay, so your interest for three months can be calculated in the following way.  Assuming you have saved Rs 50,000 and you are getting 3% interest on it for 90 days, then the interest you have earned is Rs 370 This is a very simple method.  Yes, you can also use the Multiply calculator to do similar money related calculations and can do any money related calculation very easily.  Multiply, Finance Knowledge Anywhere Anytime ",https://www.youtube.com/watch?v=B34qBu0n6YA
59,6,[Music] plat [Music] for [Music] nearly 50% of women in India do not feel financially independent despite being an active part ,https://www.youtube.com/watch?v=B34qBu0n6YA
60,77,financially independent despite being an active part of the workforce women still rely heavily on their spouse or family members for financial decisions multiply is a digital Financial education program by the cror foundation we believe that Financial ,https://www.youtube.com/watch?v=B34qBu0n6YA
61,90,Financial education program by the cror foundation we believe that Financial education should be accessible to all and to achieve this we rely on our internal expertise through this nonprofit initiative our goal is to educate and Empower women to take an active part in financial decision making ,https://www.youtube.com/watch?v=B34qBu0n6YA
62,104,educate and Empower women to take an active part in financial decision making over the past decade technology usage by women has increased multifold and almost 200 million households now have one or more women using internet through smartphones digitally we are able to bypass social and other material ,https://www.youtube.com/watch?v=B34qBu0n6YA
63,121,smartphones digitally we are able to bypass social and other material barriers in order to provide unbiased Financial knowledge to women whenever they need it through multiply we want to provide actionable Financial content so that women don't just learn but feel confident to take key financial ,https://www.youtube.com/watch?v=B34qBu0n6YA
64,137,that women don't just learn but feel confident to take key financial decisions in their lives multiply app bank account insurance fix deposit through Biz content multiply offers stepbystep guides for a range of financial processes such as setting up a ,https://www.youtube.com/watch?v=B34qBu0n6YA
65,157,stepbystep guides for a range of financial processes such as setting up a post office deposit applying for loans and provide solutions to most common Financial concerns which enables women to take financial decisions and act on it the users can create their personalized Journey which includes ,https://www.youtube.com/watch?v=B34qBu0n6YA
66,172,it the users can create their personalized Journey which includes knowledge and skill building activities such as case studies quizzes calculators Etc multiply content is available on our app YouTube Facebook Instagram and WhatsApp platforms which allows easy access We Believe improving financial ,https://www.youtube.com/watch?v=B34qBu0n6YA
67,191,WhatsApp platforms which allows easy access We Believe improving financial literacy in India is a collective effort come join us on this journey in educating women today [Music] oh ,https://www.youtube.com/watch?v=B34qBu0n6YA
68,191,WhatsApp platforms which allows easy access We Believe improving financial literacy in India is a collective effort come join us on this journey in educating women today [Music] oh ,https://www.youtube.com/watch?v=B34qBu0n6YA
69,0,"Do you have a bank account but do not use it?
Did you know that you can save, earn interest,  track withdrawals and avail benefits of government 
schemes if only you use your bank account actively.   Meet Radha she has been using Bank Services 
actively. Radha opened her zero balance Savings   bank account under Jan Dhan yojana, this means that 
she doesn't need to worry about keeping a minimum   balance in the bank. Yet, Radha deposits her salary 
in the bank every month. By visiting regularly she   has been able to build good relationship 
with the bank officials. The bank officials   also guided her to apply for various government 
benefits schemes, investing in fixed deposits and   recording deposits for saving more now. Radha 
doesn't go to the bank to withdraw money she   ",https://www.youtube.com/watch?v=B34qBu0n6YA
70,36,"also guided her to apply for various government 
benefits schemes, investing in fixed deposits and   recording deposits for saving more now. Radha 
doesn't go to the bank to withdraw money she   saves time and money by using the nearby 
ATM machine or her UPI application to keep   a track of her savings and withdrawals. 
She updates her passbook monthly in fact   her regular savings habit helped her get 
a loan easily for opening a chemist shop   near her house. She also has benefited from the 
government insurance programs through the bank.  If you already have an account, visit your 
bank branch to understand the various ways   you can benefit from the bank services. 
To know more about savings please visit ",https://www.youtube.com/watch?v=B34qBu0n6YA
71,42,"recording deposits for saving more now. Radha 
doesn't go to the bank to withdraw money she   saves time and money by using the nearby 
ATM machine or her UPI application to keep   a track of her savings and withdrawals. 
She updates her passbook monthly in fact   her regular savings habit helped her get 
a loan easily for opening a chemist shop   near her house. She also has benefited from the 
government insurance programs through the bank.  If you already have an account, visit your 
bank branch to understand the various ways   you can benefit from the bank services. 
To know more about savings please visit www.multiply.org.in Multiply is a non-profit 
initiative of Creador Foundation  ",https://www.youtube.com/watch?v=B34qBu0n6YA
72,0,"Have you ever lost your money by Saving or 
investing in a scheme? Many people these days   fall for quick money schemes and Rekha is one of 
them. Didi, I have lost 5,000 rupees yesterday I don't   know what to do! How did you lose it Rekha? Did 
someone steal it from you? No didi, Vinod took my   money and ran away. Oh! you mean that Vinod who runs saving schemes and collects money from everyone? He   started a scheme where I invested 500 rupees 
every month and he promised to give me 12,000   rupees by the end of the year. Oh! So he promised to 
double the amount and you fell for it? Yes Didi, I   wanted to buy some household items and I thought 
by investing in this scheme I will be able to get   the money quickly. Don't worry Rekha we will lodge 
a police complaint and ensure you get your money   ",https://www.youtube.com/watch?v=B34qBu0n6YA
73,41,"wanted to buy some household items and I thought 
by investing in this scheme I will be able to get   the money quickly. Don't worry Rekha we will lodge 
a police complaint and ensure you get your money   back. No didi, we cannot. I have not told my husband 
that I am investing in this scheme. Also I don't   have any document to show that I have invested 
in the scheme. Remember - nobody can double   your money in a short period. 2. Bank officials never 
ask you to share your account details or OTP. 3. Never   click on unknown links sent to you on your phone. 
4. Don't respond to messages that inform you have won   lottery or got a loan sanctioned. 5.  Never share 
your ATM pin with anyone. Beware of scams and Ponzi   schemes. If not, you might lose your hard-earned 
money like Rekha. To know more about Scam and   ",https://www.youtube.com/watch?v=B34qBu0n6YA
74,47,"the money quickly. Don't worry Rekha we will lodge 
a police complaint and ensure you get your money   back. No didi, we cannot. I have not told my husband 
that I am investing in this scheme. Also I don't   have any document to show that I have invested 
in the scheme. Remember - nobody can double   your money in a short period. 2. Bank officials never 
ask you to share your account details or OTP. 3. Never   click on unknown links sent to you on your phone. 
4. Don't respond to messages that inform you have won   lottery or got a loan sanctioned. 5.  Never share 
your ATM pin with anyone. Beware of scams and Ponzi   schemes. If not, you might lose your hard-earned 
money like Rekha. To know more about Scam and   Ponzi Schemes visit multiply.org.in  Multiply 
is a non-profit initiative by Creador Foundation ",https://www.youtube.com/watch?v=B34qBu0n6YA
75,0,"Are you considering taking a personal loan 
to pay for your expenses? Think twice before   you take it, as personal loans have  - higher interest rates as compared to   other loans as they are unsecured.  2. The 
processing fee is higher. 3. Most banks   insist on a certain income level before 
considering your application.    4. While you can choose the repayment period, most 
lenders do not permit changes once it's chosen.   However if you still need a personal loan consider 
the following before taking one. 1. Do you really need   the money? Take a loan when there is an emergency/ expenses or pay off other higher interest   loans and not use it for pilgrimage or festival 
shopping. 2. Stay away from local money lenders as   ",https://www.youtube.com/watch?v=B34qBu0n6YA
76,35,"the money? Take a loan when there is an emergency/ expenses or pay off other higher interest   loans and not use it for pilgrimage or festival 
shopping. 2. Stay away from local money lenders as   they may charge higher interest rates compared 
to Banks. 3. Compare the interest rates across Banks   and understand all the costs to choose the best 
option. 4. Choose a shorter loan period. Shorter the   loan period the lesser interest you will pay 
5. Evaluate your ability to pay back the loan and   never miss paying your installments. Be careful 
of gimmicky offers and plans as you will end up   paying a lot more. Personal loan is manageable if 
you have a stable income and a good credit history   as you may get the loan at a lower interest rate. 
But it is not advisable to take one each time you   ",https://www.youtube.com/watch?v=B34qBu0n6YA
77,72,"paying a lot more. Personal loan is manageable if 
you have a stable income and a good credit history   as you may get the loan at a lower interest rate. 
But it is not advisable to take one each time you   have a major expense. Instead start planning 
and saving as much as you can before you take   a personal loan. Remember to - 1. Question 
yourself if you really need the money 2. Stay away from local money lenders 
3. Check which bank is offering the lowest interest rate 4. Choose a shorter period 
5.Evaluate if you will be able to repay the   loan installments. 6. Not fall for loan 
frauds. To know more about loans please visit www.multiply.org.in Multiply is a 
non-profit initiative of Creador Foundation ",https://www.youtube.com/watch?v=B34qBu0n6YA
78,72,"paying a lot more. Personal loan is manageable if 
you have a stable income and a good credit history   as you may get the loan at a lower interest rate. 
But it is not advisable to take one each time you   have a major expense. Instead start planning 
and saving as much as you can before you take   a personal loan. Remember to - 1. Question 
yourself if you really need the money 2. Stay away from local money lenders 
3. Check which bank is offering the lowest interest rate 4. Choose a shorter period 
5.Evaluate if you will be able to repay the   loan installments. 6. Not fall for loan 
frauds. To know more about loans please visit www.multiply.org.in Multiply is a 
non-profit initiative of Creador Foundation ",https://www.youtube.com/watch?v=B34qBu0n6YA
79,0,"Did you know that you could get Government 
Benefits directly deposited to your bank account? What happened Radha you seem very happy today.  Nothing Didi, I received money from the 
government today that's why I am happy.   Government sent you money? I didn't receive any 
money. How did you manage to get it Didi. The   Government is transferring the Government benefits 
directly to the bank account. You should also have   received it. Did you sign up for the JAM? Which 
JAM are you talking about? JAM means Jan Dhan bank account, Aadhar and mobile phone. You should link your bank 
account with your Aadhar card and the phone number.   How will that help me get my money? Once you 
link these three, the government will directly   ",https://www.youtube.com/watch?v=B34qBu0n6YA
80,28,"received it. Did you sign up for the JAM? Which 
JAM are you talking about? JAM means Jan Dhan bank account, Aadhar and mobile phone. You should link your bank 
account with your Aadhar card and the phone number.   How will that help me get my money? Once you 
link these three, the government will directly   send the money to your bank account and your 
registered mobile number will receive a message.  This is very helpful I will not have to depend on 
any agent or official to get my government benefit   amount. Hurry! What are you waiting for? Go get your 
JAM linkage done today. Visit your bank branch and   link your bank account mobile and aadhar card.  
To know more about government schemes and benefits   please visit www.multiply.org.in  Multiply is 
a non-profit initiative by Creador Foundation ",https://www.youtube.com/watch?v=B34qBu0n6YA
81,1,"Have you ever found yourself without any money by 
the end of the month? If yes, you are not alone. Meet   Gurpreet, a delivery rider who faces this problem 
every month. He earns enough for a person to live   happily. However his expenses don't allow the money 
to last long. He faces these problems because he   cannot prioritize his Needs over Wants. Easiest way 
to distinguish needs from wants is to check if you   would be able to live and work safely without 
it and its absence is not going to impact you   negatively. For example,  Smartphones are 
a need these days but upgrading the existing one   in a working condition is not a necessity. 2. A bike to travel for work is a need but when   you have other expenses a second hand bike is 
more preferable to the first hand bike. Remember   ",https://www.youtube.com/watch?v=B34qBu0n6YA
82,43,"in a working condition is not a necessity. 2. A bike to travel for work is a need but when   you have other expenses a second hand bike is 
more preferable to the first hand bike. Remember   that when you really want something it doesn't 
mean that you need it. To lead a happy life you   should learn how to balance your needs and wants.
Start today and follow these steps to reduce your   unnecessary expenses. 1. Make a list of all 
your wants and needs. 2. Based on what you   can afford prioritize the most important needs and 
wants. 3. Evaluate your current spending   and eliminate expenses that are not important. 4. Think before you make that impulse   purchase and focus on your list of priorities. To 
know more about budgeting visit ",https://www.youtube.com/watch?v=B34qBu0n6YA
83,50,"you have other expenses a second hand bike is 
more preferable to the first hand bike. Remember   that when you really want something it doesn't 
mean that you need it. To lead a happy life you   should learn how to balance your needs and wants.
Start today and follow these steps to reduce your   unnecessary expenses. 1. Make a list of all 
your wants and needs. 2. Based on what you   can afford prioritize the most important needs and 
wants. 3. Evaluate your current spending   and eliminate expenses that are not important. 4. Think before you make that impulse   purchase and focus on your list of priorities. To 
know more about budgeting visit www.multiply.org.in Multiply is a 
non-profit initiative by Creador Foundation ",https://www.youtube.com/watch?v=B34qBu0n6YA
84,1,"you might know how much you need for 
regular expenses like food, rent, petrol   etc. but have you thought of how much 
you would need for your future expenses.   For example, the amount you would need to 
achieve your goals at different stages of life? Not just that you would also need money for the 
expenses that you weren't expecting. How can you   plan for these expected and unexpected 
expenses? The answer is financial planning. Meet Rekha - she works in a tailoring factory and 
has a daughter Pinky who studies in class 8.   Rekha wants to provide a good future to 
her daughter. Rekha started planning her   finances and followed these five 
steps to secure Pinky's tomorrow   ",https://www.youtube.com/watch?v=B34qBu0n6YA
85,42,"Rekha wants to provide a good future to 
her daughter. Rekha started planning her   finances and followed these five 
steps to secure Pinky's tomorrow   1. She started with setting goals, 
made short medium and long-term goals   2. She found out what it would cost to 
achieve these goals in the future and listed them   down. 3. She then calculated how much 
more she would need apart from her savings   4. She identified safe investment options 
and started investing every month    5. She kept track of her expenses & investments and 
reviewed her progress towards achieving her goals. By being very consistent with a plan and staying 
invested for long, Rekha could achieve her goals   ",https://www.youtube.com/watch?v=B34qBu0n6YA
86,66,"down. 3. She then calculated how much 
more she would need apart from her savings   4. She identified safe investment options 
and started investing every month    5. She kept track of her expenses & investments and 
reviewed her progress towards achieving her goals. By being very consistent with a plan and staying 
invested for long, Rekha could achieve her goals   Like Rekha you can plan for a better future too. 
Start your financial planning journey today by   following these steps A. Identify your goals and 
set timelines. B. Calculate the amount required   C. Start investing regularly. To know more about 
financial planning, management and budgeting visit www.multiply.org.in Multiply is a non-profit 
initiative of Creador Foundation  ",https://www.youtube.com/watch?v=B34qBu0n6YA
87,0,"Have you ever noticed that over the years the 
prices of food items,  clothes, fuel etc. have been   increasing. This phenomenon of increase in prices 
over a given period of time is called inflation   inflation is caused due to multiple factors 
1. If Goods or products are in high   demand but the supply is low, prices will 
increase, 2. If the cost of the raw   materials increases then the seller will also 
need to increase his selling price in the market   3. When the workers demand high 
salaries, the services they provide become   costly and hence the products too. Should we worry  about inflation? Inflation reduces the value of   our money however at moderate levels inflation 
isn't bad for us. When there is inflation there   ",https://www.youtube.com/watch?v=B34qBu0n6YA
88,39,"costly and hence the products too. Should we worry  about inflation? Inflation reduces the value of   our money however at moderate levels inflation 
isn't bad for us. When there is inflation there   is more demand for production which creates more  jobs and improves the overall economic conditions.  But you should remember that incomes may 
not rise as quickly and as high as inflation   So you need to start preparing yourself so 
that you live comfortably tomorrow even when   there is an inflation. You can do it by  1. Spending less and saving more money every month   2.  Investing the savings safely 
for a longer duration to grow it multi-fold   3.  In the long run, start identifying 
other sources and increase your household income   ",https://www.youtube.com/watch?v=B34qBu0n6YA
89,55,"is more demand for production which creates more  jobs and improves the overall economic conditions.  But you should remember that incomes may 
not rise as quickly and as high as inflation   So you need to start preparing yourself so 
that you live comfortably tomorrow even when   there is an inflation. You can do it by  1. Spending less and saving more money every month   2.  Investing the savings safely 
for a longer duration to grow it multi-fold   3.  In the long run, start identifying 
other sources and increase your household income   To know more about inflation, 
savings and Investments visit www.multiply.org.in Multiply is a 
non-profit initiative of Creador Foundation ",https://www.youtube.com/watch?v=B34qBu0n6YA
90,1,"Have you ever found yourself broke or 
worried about making ends meet in the middle   of the month? Do you face difficulty in keeping 
track of your expenses? Do you want to break free   from the cycle? First step towards taking charge of 
your expenses and financial planning is budgeting. Budgeting is the process of understanding your 
income sources and allocating money for expenses   by prioritizing needs over wants. To keep track in 
order to save more. Let's start budgeting for the   next month basis previous month's expenses. Step 1 - 
write down all your income sources. Think about the   different sources of income of the household which 
will be incoming next month. Include incomes from   salaries of husband wife and other earning members, 
money earned from livestock, rent, lease amount   ",https://www.youtube.com/watch?v=B34qBu0n6YA
91,42,"different sources of income of the household which 
will be incoming next month. Include incomes from   salaries of husband wife and other earning members, 
money earned from livestock, rent, lease amount   received on the house or land, interest earned 
from FDs, loans given, gifts from family, tips for   services offered, Step 2 - list down expenses. Think 
about the different expenses of the household   which you will be spending next month. Simpler way 
to list expenses is to try and remember previous   month's expenses. The expenses can be divided 
into fixed and variable expenses. The fixed   expenses include rent, school fees, newspaper 
bill, cable, mobile recharge bill, water bill   etc. for which the paid amount is fixed. Variable 
expenses include petrol, food, electricity bill, ",https://www.youtube.com/watch?v=B34qBu0n6YA
92,88,"expenses include rent, school fees, newspaper 
bill, cable, mobile recharge bill, water bill   etc. for which the paid amount is fixed. Variable 
expenses include petrol, food, electricity bill, livestock expenses, shopping, social obligations,
medical requirements.  The amount for these expenses   might vary every month, Step 3 - distinguish between 
needs and wants, see where can the expenses be cut   down. Differentiate between needs and wants and 
to save more, cut down on wants or at least fix   a budget to not exceed a particular amount, Step 
4 - in the beginning of the month deposit savings   amount in Bank and  calculate how much money 
can be saved then save the amount in the   bank in the beginning of the month. Remember 
to not save what is left after spending but   ",https://www.youtube.com/watch?v=B34qBu0n6YA
93,124,"down. Differentiate between needs and wants and 
to save more, cut down on wants or at least fix   a budget to not exceed a particular amount, Step 
4 - in the beginning of the month deposit savings   amount in Bank and  calculate how much money 
can be saved then save the amount in the   bank in the beginning of the month. Remember 
to not save what is left after spending but   spend what is left after saving. So pay yourself 
first by depositing the money for your future   Step 5 - put the budget sheet on the wall or 
write the expenses on the calendar to track your   expenditure. See it wasn't that difficult do this 
exercise monthly to keep track of your expenses and take charge of your savings and expenses. To know more about budgeting and personal finance visit  www.multiply.org.in Multiply India 
is a non-profit initiative of Creador Foundation ",https://www.youtube.com/watch?v=B34qBu0n6YA
94,0,"Do you also make multiple Bank visits to withdraw 
cash? Do you not feel comfortable using ATM? Let us   learn about withdrawing money from ATM using debit 
card. Rahul can you please help me? I need some cash   urgently. Can you please withdraw some money 
for me?  I was told that I can use this card   to withdraw money. Of course! Auntie. Come with 
me I will help you withdraw cash from the ATM.  This card is called a debit card. Okay and how much 
money does this debit card have? The card has money   equivalent to the amount in your savings account.
It is linked to your bank account number through   which you can use to buy things, withdraw cash and 
pay bills because we are using this card for the   first time we will have to set it up and we need 
a debit card account number and a mobile phone   ",https://www.youtube.com/watch?v=B34qBu0n6YA
95,44,"which you can use to buy things, withdraw cash and 
pay bills because we are using this card for the   first time we will have to set it up and we need 
a debit card account number and a mobile phone   To create a personal ATM pin for your card, 
insert the card into the card slot at the   machine. Choose your language and enter any 
number between 10 to 99 and press confirm.   You will be asked to enter PIN, but do not enter 
anything instead press on Pin Generation. Now enter   your account number and press confirm. Then enter 
your 10 digit mobile number and press confirm.  Wait for some time and your transaction will be 
complete. Take out your card, you will now receive   a four digit one-time password on your mobile 
number via a message to set up a new PIN. Re-enter   ",https://www.youtube.com/watch?v=B34qBu0n6YA
96,90,"Wait for some time and your transaction will be 
complete. Take out your card, you will now receive   a four digit one-time password on your mobile 
number via a message to set up a new PIN. Re-enter   the card in the slot and choose language. Enter 
any number between 10 to 99 and click confirm.  Now enter the four digit PIN you received on your 
mobile number earlier and press confirm. Click on   banking.  Click on Pin generation or change. Enter 
new 4 digit PIN that you will easily remember.   Re-enter the pin and click confirm wait for some 
time and your PIN generation is complete. Once done   take your card and press cancel. Now let's see 
how to withdraw money. I need 1,300 rupees.     1. Insert card in the ATM machine in the slot with 
the arrow pointing towards it. 2. Choose the   ",https://www.youtube.com/watch?v=B34qBu0n6YA
97,142,"take your card and press cancel. Now let's see 
how to withdraw money. I need 1,300 rupees.     1. Insert card in the ATM machine in the slot with 
the arrow pointing towards it. 2. Choose the   withdraw cash option and press enter. 3.  Choose the 
savings account option press enter. 4. Enter   the amount 1,300 in the machine through the keypad 
press enter. 5. The machine will now ask you to   enter your ATM pin press enter. 6. Wait for a 
few seconds and the machine will give out the cash   7. Take the cash and keep it safely 
inside. Collect your card from the machine   8. Ensure that the transaction is completed 
before leaving the ATM. But always remember to not   share your card details openly with anyone in family 
or others. Thank you beta for helping. To withdraw   ",https://www.youtube.com/watch?v=B34qBu0n6YA
98,169,"the amount 1,300 in the machine through the keypad 
press enter. 5. The machine will now ask you to   enter your ATM pin press enter. 6. Wait for a 
few seconds and the machine will give out the cash   7. Take the cash and keep it safely 
inside. Collect your card from the machine   8. Ensure that the transaction is completed 
before leaving the ATM. But always remember to not   share your card details openly with anyone in family 
or others. Thank you beta for helping. To withdraw   money using debit card -  1. Get your debit come ATM 
card from the bank. 2. Set up the card by visiting   nearby ATM.  3. As first transaction withdraw 
100 rupees.  To know more about debit cards visit   multiply.org.in  Multiply is a non-profit 
initiative by Creador Foundation ",https://www.youtube.com/watch?v=B34qBu0n6YA
99,1,"Have you ever found 
yourself looking for small   change while paying for your auto ride or 
buying vegetables in the market? Are you   worried about carrying large amounts of 
money because it may get stolen or lost?  Let's see Radha's story who is 
going through the same issue. Radha, how is your sister's wedding shopping going?
Didi, it is very tiring. I want   to go shopping but carrying a huge sum of 
cash is a huge risk and hence I have to make   multiple trips to the market.
I don't know if we will be   able to finish shopping on time.
Why carry cash when you can pay using UPI!  ",https://www.youtube.com/watch?v=B34qBu0n6YA
100,32,"multiple trips to the market.
I don't know if we will be   able to finish shopping on time.
Why carry cash when you can pay using UPI!  Is it? Can you show me how to send the money? Of 
course! Where is your application? Let me show   you. It is very simple, just follow as I say. 
Step 1 - Open your downloaded UPI application   Step 2 - Click on send money, Step 3 - Enter payees 
payment address, Step 4 - Enter the amount you want   to send, Step 5 - Mention why are you sending money 
as you will be able to remember where and why you   spend the money, Step 6 - Confirm once and click on 
send, Step 7 - Enter your password and hit confirm. The other way is to just use the scanner 
given on the application. Scan the image   ",https://www.youtube.com/watch?v=B34qBu0n6YA
101,72,"spend the money, Step 6 - Confirm once and click on 
send, Step 7 - Enter your password and hit confirm. The other way is to just use the scanner 
given on the application. Scan the image   of the shopkeeper's barcode card, 
add the desired amount and hit send  For free quick and simple way of sending 
and receiving money open your UPI app and send   one rupee to your family member by entering the 
UPI address. The next time you make purchase try   scanning the barcode to make a payment.
Teach your family and friends   on how to send money using UPI.
To know more about UPI visit www.multiply.org.in  Multiply is a non-profit 
initiative by Creador Foundation ",https://www.youtube.com/watch?v=B34qBu0n6YA
102,72,"spend the money, Step 6 - Confirm once and click on 
send, Step 7 - Enter your password and hit confirm. The other way is to just use the scanner 
given on the application. Scan the image   of the shopkeeper's barcode card, 
add the desired amount and hit send  For free quick and simple way of sending 
and receiving money open your UPI app and send   one rupee to your family member by entering the 
UPI address. The next time you make purchase try   scanning the barcode to make a payment.
Teach your family and friends   on how to send money using UPI.
To know more about UPI visit www.multiply.org.in  Multiply is a non-profit 
initiative by Creador Foundation ",https://www.youtube.com/watch?v=B34qBu0n6YA
103,0,"Have you ever wanted to send or receive 
money but had to depend on somebody in the family  to take you to the bank or rely on an agent ? Well you are not alone. Meet Radha! she wanted   to send money to her parents for an emergency 
but her husband had not sent the money yet.  Radha,   why are you so worried? I need to urgently 
send money to my parents but my husband has   no time to go to the bank. Don't worry! Let me 
send the money for you and you can pay later   done now just call them and check. Thank you so 
much. I also have a smartphone but never knew   that I could send money from it. UPI is a system 
that connects various bank accounts to a single   mobile application by combining several banking 
facilities for example you can send and receive   ",https://www.youtube.com/watch?v=B34qBu0n6YA
104,39,"that I could send money from it. UPI is a system 
that connects various bank accounts to a single   mobile application by combining several banking 
facilities for example you can send and receive   money, pay bills, check account balance, etc. through 
your phone.  Let us first set up a UPI ID for you, it   is very simple. Step 1 - visit your bank branch and 
link your savings account with your mobile number   Step 2 - activate the internet on your phone and 
download the BHIM UPI application, Step 3 - open the   application and select your language then select 
your sim which is linked to the bank account   Step 4 - set up a four digit PIN that is your secret 
number to open and use the application, Step 5   select the name of your bank and choose the bank 
account, this will automatically create your UPI   ",https://www.youtube.com/watch?v=B34qBu0n6YA
105,84,"Step 4 - set up a four digit PIN that is your secret 
number to open and use the application, Step 5   select the name of your bank and choose the bank 
account, this will automatically create your UPI   ID, Step 6 - now enter the last six digits of debit
or ATM card and the date till which the card is valid   Step 7 - you will receive an OTP on your registered 
mobile number. Copy the number and paste. Now create   a UPI pin by entering a six digit PIN. Only this 
number will approve transactions so remember it   and your registration will be complete.  See it 
is done! Now you can use it to send and receive   money. Thank you Didi. Now I can send and receive 
money anytime on my own by 1. Downloading BHIM UPI app   in phone,  2. Setting up your UPI account,  3. Remember to not share your UPI pin with anyone. To know more   ",https://www.youtube.com/watch?v=B34qBu0n6YA
106,92,"select the name of your bank and choose the bank 
account, this will automatically create your UPI   ID, Step 6 - now enter the last six digits of debit
or ATM card and the date till which the card is valid   Step 7 - you will receive an OTP on your registered 
mobile number. Copy the number and paste. Now create   a UPI pin by entering a six digit PIN. Only this 
number will approve transactions so remember it   and your registration will be complete.  See it 
is done! Now you can use it to send and receive   money. Thank you Didi. Now I can send and receive 
money anytime on my own by 1. Downloading BHIM UPI app   in phone,  2. Setting up your UPI account,  3. Remember to not share your UPI pin with anyone. To know more   about UPI visit www.multiply.org.in Multiply is a non-profit initiative by Creador Foundation ",https://www.youtube.com/watch?v=B34qBu0n6YA
107,0,"Hi Rustom! What happened? You're coming late 
from work today.  You left the office earlier than   me what took you so long? I had to go to the 
electricity office to pay the bill. I stood for   almost two hours in the long queue to pay the bill. 
Oh! but you could have paid the bill while coming   back home or after reaching home. Really how 
is that possible? It is possible through mobile   banking service available on your smartphone. 
Services like, sending and receiving money,  opening   RD, FD accounts, bill payments - electricity, water, gas, 
checking account balance have become very easy now   Irfan does it cost anything? Absolutely nothing.  
Also it is fast easy and available 24X7. Could   you teach me how to set up and use mobile banking 
on my phone.  Of course! First make sure that your   ",https://www.youtube.com/watch?v=B34qBu0n6YA
108,41,"Irfan does it cost anything? Absolutely nothing.  
Also it is fast easy and available 24X7. Could   you teach me how to set up and use mobile banking 
on my phone.  Of course! First make sure that your   bank account, Aadhar and your mobile number are 
linked. Then making online payments is very simple.   Come, let me show you now.  Step 1 - download your 
bank's mobile application via Play Store in   your phone, Step 2 - open the application and 
click on existing customer, Step 3 - next click   on login using internet banking ID. You will 
find internet login ID in the envelope that   banks send you when you open the account or on 
first page of Passbook, Step 4 - on the next page   you will be asked 'do you have an SBI internet 
banking ID',  to confirm tap 'Yes', Step 5 - on the   ",https://www.youtube.com/watch?v=B34qBu0n6YA
109,82,"banks send you when you open the account or on 
first page of Passbook, Step 4 - on the next page   you will be asked 'do you have an SBI internet 
banking ID',  to confirm tap 'Yes', Step 5 - on the   registration page enter your username,  password and 
submit, Step 6 - now to set the MPIN select the   Inbox and tap Next,  Step 7  - on the new screen set 
up a six digit MPIN of your choice for your   account and tap Next, Step 8 - you will receive 
OTP on your bank registered mobile number.  Enter   OTP and tap next. It's done! Now that my mobile 
banking is set up I can pay the bill from anywhere.   Exactly and you can avoid being late from work.  
Thanks yaar!  This will save so much of my time   If you want to start your mobile banking Journey 
then, 1. download your bank's mobile app   ",https://www.youtube.com/watch?v=B34qBu0n6YA
110,111,"account and tap Next, Step 8 - you will receive 
OTP on your bank registered mobile number.  Enter   OTP and tap next. It's done! Now that my mobile 
banking is set up I can pay the bill from anywhere.   Exactly and you can avoid being late from work.  
Thanks yaar!  This will save so much of my time   If you want to start your mobile banking Journey 
then, 1. download your bank's mobile app   from Play store, 2. follow the steps 
mentioned in the video to set up your mobile   banking, 3. make a transaction of one 
rupee to check if all your steps are complete   Now you can be confident about using mobile 
banking. To know more about digital Financial   Services visit www. multiply.org.in Multiply is 
a non-profit initiative by Creador Foundation ",https://www.youtube.com/watch?v=B34qBu0n6YA
111,0,[Music] have you ever wondered why we use money how it originated and why it keeps evolving money is needed for things we need to survive such as food clothing Education Health Services and more but what did people do when there was no ,https://www.youtube.com/watch?v=B34qBu0n6YA
112,17,Health Services and more but what did people do when there was no money there was a time when people used to exchange one thing for another it is called the Bata system like someone would exchange rice for milk clothing for shoes Etc ,https://www.youtube.com/watch?v=B34qBu0n6YA
113,32,someone would exchange rice for milk clothing for shoes Etc but this system had its own challenges it was difficult to find the person who would be ready to exchange goods deciding the value of different items was difficult is 1 kg wheat equal to a pair of shoes ,https://www.youtube.com/watch?v=B34qBu0n6YA
114,49,was difficult is 1 kg wheat equal to a pair of shoes some items were too heavy to carry such as animals food wood rot and somewhere more expensive to be exchanged for Less to overcome these challenges the bada system was then replaced by different types of currency across the world ,https://www.youtube.com/watch?v=B34qBu0n6YA
115,67,system was then replaced by different types of currency across the world some used seashells some made coins out of metals such as gold and silver that had weight and value mentioned on them today the most common form of money is band notes and coins which have standard values ,https://www.youtube.com/watch?v=B34qBu0n6YA
116,86,band notes and coins which have standard values now we can buy and sell things without having to wait for an appropriate bargain but it has its own challenges fear of loss or theft unavailability of change unavailability of huge sum of ,https://www.youtube.com/watch?v=B34qBu0n6YA
117,100,fear of loss or theft unavailability of change unavailability of huge sum of cash electronic money came into existence with cards such as debit and credit cards online currency and wallets so that we can carry money digitally this means that we no longer need to ,https://www.youtube.com/watch?v=B34qBu0n6YA
118,118,carry money digitally this means that we no longer need to carry cash but just a phone the phone number or these cards are connected to your bank accounts and help in doing transactions [Music] today is invisible and people do ,https://www.youtube.com/watch?v=B34qBu0n6YA
119,133,[Music] today is invisible and people do cashless exchange via online transactions [Music] small card that has money equivalent to your savings account and can be used to make payments ,https://www.youtube.com/watch?v=B34qBu0n6YA
120,149,your savings account and can be used to make payments credit card it is also a card that allows you to borrow money from the bank on the go it allows quick buy now and pay later facility e-wallets it is a facility that is available on your phones and allows us to save money in ,https://www.youtube.com/watch?v=B34qBu0n6YA
121,165,facility that is available on your phones and allows us to save money in phone and make payments or receive money through it interesting right physical form of money keeps evolving and it is on us to keep up with the pace to make our lives easier and better ,https://www.youtube.com/watch?v=B34qBu0n6YA
122,181,up with the pace to make our lives easier and better do you want to learn more about money visit www.multiply.org dot in multiply is a non-profit initiative of Creator Foundation [Music] ,https://www.youtube.com/watch?v=B34qBu0n6YA
123,181,up with the pace to make our lives easier and better do you want to learn more about money visit www.multiply.org dot in multiply is a non-profit initiative of Creator Foundation [Music] ,https://www.youtube.com/watch?v=B34qBu0n6YA
